{
  "hash": "2005b1e3",
  "configHash": "626555cf",
  "lockfileHash": "611212cb",
  "browserHash": "a12a646c",
  "optimized": {
    "vue": {
      "src": "../../../node_modules/.pnpm/vue@3.4.21/node_modules/vue/dist/vue.runtime.esm-bundler.js",
      "file": "vue.js",
      "fileHash": "1403b77b",
      "needsInterop": false
    },
    "vitepress > @vue/devtools-api": {
      "src": "../../../node_modules/.pnpm/@vue+devtools-api@7.0.17_vue@3.4.21/node_modules/@vue/devtools-api/dist/index.js",
      "file": "vitepress___@vue_devtools-api.js",
      "fileHash": "c96401d0",
      "needsInterop": false
    },
    "vitepress > @vueuse/core": {
      "src": "../../../node_modules/.pnpm/@vueuse+core@10.9.0_vue@3.4.21/node_modules/@vueuse/core/index.mjs",
      "file": "vitepress___@vueuse_core.js",
      "fileHash": "1c3a3263",
      "needsInterop": false
    }
  },
  "chunks": {
    "chunk-OOO2W3XR": {
      "file": "chunk-OOO2W3XR.js"
    }
  }
}